company,name,role,persona,verification,source
Mind Robotics,RJ Scaringe,Founder & CEO (also Rivian CEO),exec,verified,https://pulse2.com/mind-robotics-500-million-series-a-raised-for-ai-industrial-robotics-platform/amp/
Mind Robotics,Sameer Gandhi,Board member (Accel partner) - intro route to the data lead,intro,verified,https://www.businesswire.com/news/home/20260311414783/en/
Apptronik,Nick Paine,Co-founder & CTO,technical,verified,https://runtimewire.com/article/apptronik-520m-extension-apollo-mercedes-pilot
Apptronik,Jeff Cardenas,Co-founder & CEO,exec,verified,https://apptronik.com/news-collection/apptronik-closes-over-935-million-series-a
Generalist AI,Andrew Barry,Co-founder & CTO,technical,verified,https://8vc.com/resources/announcing-our-investment-in-generalist
Generalist AI,Pete Florence,Co-founder & CEO,exec,verified,https://8vc.com/resources/announcing-our-investment-in-generalist
1X,Samarth Sinha,Head of World Models,technical,verified (LinkedIn),https://komo.ai/directory/1x-technologies-leadership
1X,Bernt Børnich,Founder & CEO,exec,verified,https://en.wikipedia.org/wiki/1X_Technologies
Agility Robotics,Pras Velagapudi,CTO,technical,verified,https://www.roboticssummit.com/event-speaker/pras-velagapudi/
Agility Robotics,Peggy Johnson,CEO,exec,verified,https://www.sec.gov/Archives/edgar/data/0002074973/000121390026090791/filename1.htm
NEURA Robotics,Oliver Wolst,CTO,technical,verified,https://neura-robotics.com/neura-robotics-brings-on-former-bosch-manager-oliver-wolst-as-cto/
NEURA Robotics,David Reger,Founder & CEO,exec,verified,https://neura-robotics.com/2026/06/10/
Physical Intelligence,Karol Hausman,Co-founder & CEO,technical,verified,https://www.emcap.com/portfolio/physical-intelligence
Physical Intelligence,Lachy Groom,"Co-founder (business side, ex-Stripe)",exec,verified,https://www.emcap.com/portfolio/physical-intelligence
Skild AI,Abhinav Gupta,Co-founder & President,technical,verified,https://runtimewire.com/article/skild-ai-100m-revenue-run-rate-robotics
Skild AI,Deepak Pathak,Co-founder & CEO,exec,verified,https://runtimewire.com/article/skild-ai-100m-revenue-run-rate-robotics
Symbotic,James Kuffner,CTO,technical,verified,https://www.symbotic.com/news/symbotic-names-dr-james-kuffner-as-chief-technology-officer/
Symbotic,Rick Cohen,"Founder, Chairman & CEO",exec,verified,https://www.symbotic.com/news/symbotic-ceo-rick-cohen-named-to-boston-globes-2026-tech-power-players/
Carbon Robotics,Kevan Krysler,CFO (joined Mar 2026); labeling is a cost line he now owns,exec,verified,https://www.businesswire.com/news/home/20260319145490/en/Carbon-Robotics-Appoints-Chief-Financial-Officer-Announces-Significant-Growth-Milestone
Carbon Robotics,Paul Mikesell,Founder & CEO,exec,verified,https://www.businesswire.com/news/home/20260519266046/en/Carbon-Robotics-Recognized-on-the-2026-CNBC-Disruptor-50-List
Mobileye (Mentee Robotics),Lior Wolf,"EVP, Humanoids, Mobileye (since Apr 2026); Mentee founder",technical,verified (LinkedIn),https://www.cbinsights.com/compare/mentee-robotics-vs-perceptyne-robots
Mobileye (Mentee Robotics),Amnon Shashua,Mobileye President & CEO; Mentee co-founder & chairman,exec,verified,https://pulse2.com/mobileye-to-buy-mentee-robotics-for-900-million-to-expand-physical-ai-push-into-humanoid-robots
Addverb,Sangeet Kumar,Co-founder & CEO,exec,verified,https://themachinemaker.com/news/addverb-launches-wheeled-humanoid-robot-and-new-intralogistics-solutions-at-logimat-india-2026/
Addverb,Satish Shukla,Co-founder,technical,verified (LinkedIn),https://indiaseatradenews.com/?p=151416
CynLr,Gokul NA,"Co-founder & CTO (design, product)",technical,verified,https://malayalam.yourstory.com/author/nikhilramaswamy
CynLr,Nikhil Ramaswamy,"Co-founder & CEO (GTM, sales)",exec,verified,https://www.robotics247.com/article/cynlr_indian_deep_tech_robotics_startup_raises_10m_series_a_funding
Ati Motors,Naveen Arulselvan,CTO,technical,verified (LinkedIn),https://www.robotics247.com/article/ati_motors_obtains_10.85m_series_a_funding_industrial_robots
Ati Motors,Saurabh Chandra,Founder & CEO,exec,verified,https://www.dbusiness.com/hustle-and-muscle-articles/robot-builder-ati-motors-in-rochester-hills-raises-20m-series-b-for-global-expansion/
Sunday,Cheng Chi,Co-founder & CTO,technical,verified,https://www.streetinsider.com/Press+Releases/Sunday+Launches+Memo%2C+the+Robot+That+Actually+Learns+Your+Home/25637013.html
Sunday,Tony Zhao,Co-founder & CEO,exec,verified,https://pulse2.com/sunday-165-million-at-1-15-billion-valuation-raised-for-autonomous-home-robots/amp/
Rhoda AI,Alex Bergman,Chief Data Officer,technical,single source: confirm on LinkedIn,https://www.nasdaqprivatemarket.com/?p=70802
Rhoda AI,Jagdeep Singh,Co-founder & CEO,exec,verified,https://slush.org/2026-speakers/jagdeep-singh
Genesis AI,Théophile Gervet,Co-founder,technical,verified,https://techcrunch.com/2025/07/01/genesis-ai-launches-with-105m-seed-funding-from-eclipse-khosla-to-build-ai-models-for-robots
Genesis AI,Zhou Xian,Co-founder & CEO,exec,verified,https://alven.co/news/genesis-ai-announces-105m-funding-to-develop-a-universal-foundational-model-for-robotics-and-a-horizontal-platform-for-robotics-focused-ai
Dyna Robotics,Jason Ma,Co-founder (ex-Google DeepMind researcher),technical,verified,https://evertiq.com/news/2025-09-22-dyna-secures-120-million-to-advance-robotic-foundation-models
Dyna Robotics,Lindon Gao,Co-founder & CEO,exec,verified,https://www.therobotreport.com/dyna-robotics-closes-120m-funding-round-to-scale-robotics-foundation-model/
AIM Intelligent Machines,Suveer Garg,Robotics engineer at AIM (ex-Oishii); quoted recommending Labellerr on its homepage,intro,verified (LinkedIn),https://www.labellerr.com/
AIM Intelligent Machines,Adam Sadilek,Co-founder (CEO title: confirm),exec,verified (title: confirm),https://roboticsregistry.net/companies/aim-intelligent-machines
Perceptyne,Raviteja Chivukula,Co-founder (CEO/CTO per CB Insights),technical,verified (title: confirm),https://www.cbinsights.com/compare/mentee-robotics-vs-perceptyne-robots
Perceptyne,Jagga Raju Nadimpalli,Co-founder,exec,verified,https://news.ventureintelligence.com/private-equity/industrial-robotics-startup-perceptyne-in-funding-talks-with-omnivore
