rank,company,segment,tier,score,breakdown,months_since_signal,dnc_status,signal,why_now,fit_risk
1,Addverb,India,A,90,recency=25 signal=15 data_fit=18 winnability=12 proof_point=10 warm_path=5 india=5,1.8,CLEAR,Elixis-W wheeled humanoid launched at LogiMAT India 2026; raising $100M+ for humanoids (per Bloomberg),"Its first humanoid has five-fingered hands and a Physical-AI-ready architecture, so dexterous manipulation needs hand-pose and action data. Warehouse customers (DHL, Maersk, PepsiCo) mirror the Coupang case study.",Reliance ecosystem may push in-house or Jio AI tooling.
2,Apptronik,Humanoid OEM,A,87,recency=25 signal=20 data_fit=20 winnability=12 proof_point=10 warm_path=0 india=0,2.8,CLEAR,Unveiled Apollo 2 and opened the Robot Park data-collection and training facility in Austin (Jul 2026); $520M Series A-X (Feb 2026),"In July it unveiled Apollo 2 and opened Robot Park, a dedicated data-collection and training facility, funded by its $520M February raise. Collection is now running at scale, so labeling becomes the bottleneck; GXO and Jabil warehouse work mirrors Labellerr's Coupang proof point.",Google DeepMind partnership may cover part of the model and data work.
3,Agility Robotics,Humanoid OEM,A,77,recency=25 signal=15 data_fit=15 winnability=12 proof_point=10 warm_path=0 india=0,2.7,CLEAR,Going public via SPAC with Churchill Capital Corp XI (~$2.5B); $300M+ booked orders; Digit v5,"Scaling Digit v5 across Amazon, GXO, Toyota Canada and Schaeffler sites with $300M+ in booked orders. Each new site and task needs fresh labeled data, and going public raises the bar on reliability metrics.",SPAC process may slow new vendor decisions.
4,Skild AI,Foundation-model lab,A,77,recency=20 signal=15 data_fit=18 winnability=4 proof_point=10 warm_path=5 india=5,5.5,CLEAR,"Acquired Zebra's Robotics Automation business, ex-Fetch (Apr 2026); ~$1.4B at $14B+ valuation (Jan 2026)","Trains Skild Brain on internet video, simulation, teleoperation and fleet data, and in April bought Zebra's warehouse robotics business (ex-Fetch), whose fleets will generate new real-world data. A reported India office gives a local foothold.",$14B+ valuation means likely incumbent vendors.
5,CynLr,India,A,75,recency=20 signal=10 data_fit=15 winnability=15 proof_point=10 warm_path=0 india=5,5.9,CLEAR,Featured in the MODEX 2026 leaders Q&A (US push); robotics lab scaling to 50+ robot systems,Building an Object Store of ready-to-deploy object models for manufacturing and expanding into the US. Each new object model is a labeling job.,"Its pitch is 'no training needed' visual intelligence, so it may need less labeled data; position as object-model QA + scale."
6,Mind Robotics,Industrial AI,A,75,recency=20 signal=18 data_fit=15 winnability=12 proof_point=10 warm_path=0 india=0,4.5,CLEAR,$400M round led by Kleiner Perkins (May 2026) after a $500M Series A (Mar 2026); >$1B raised,"Trains industrial robots on Rivian's live factory data and has promised a large robot deployment by end-2026 on $1B+ of fresh capital. Raw factory video has to become labeled training data fast, which is the bottleneck Labellerr sells into.",Rivian may keep labeling in-house; no public data lead yet.
7,NEURA Robotics,Humanoid OEM,A,75,recency=20 signal=20 data_fit=18 winnability=12 proof_point=0 warm_path=5 india=0,3.6,CLEAR,Series C of up to $1.4B led by Tether (Jun 2026); scaling its AI department,"Fresh Series C, an AI department it is actively scaling (May 2026 job posts) and the Neuraverse, which is meant to learn across deployments: a multi-site data-consistency problem.",Funding is milestone-contingent; EU buyers will ask about GDPR (Labellerr lists SOC2 + GDPR).
8,Perceptyne,India,A,75,recency=12 signal=15 data_fit=18 winnability=15 proof_point=10 warm_path=0 india=5,6.8,CLEAR,Showcased its industrial humanoid at HYSEA Summit (Mar 2026); term sheet for $10M from Premji Invest reported,"Builds dual-arm industrial humanoids with vision, force and tactile sensing for electronics and automotive assembly, and reportedly signed a $10M term sheet with Premji Invest. Hyderabad makes an in-person visit easy.",Small budget today; position as a scale-up partner as the round closes.
9,1X,Humanoid OEM,B,70,recency=20 signal=18 data_fit=20 winnability=12 proof_point=0 warm_path=0 india=0,4.9,CLEAR,NEO factory in full-scale production (May 2026); world model launched (Jan 2026),"Home humanoid shipping in 2026, trained on teleoperation plus world models that learn from video. Every home deployment generates first-person household video, and Labellerr's robotics page explicitly targets household robots.",Large in-house ops team; may prefer to own labeling.
10,Generalist AI,Foundation-model lab,B,70,recency=20 signal=18 data_fit=20 winnability=12 proof_point=0 warm_path=0 india=0,3.8,CLEAR,$400M at $2B valuation (Jun 2026); GEN-1 model (Apr 2026),"New capital is earmarked for an expanded physical data engine for real-world robot data, and GEN-1 targets dexterous manipulation, where hand-pose and action-segment labels (Labellerr's 21-keypoint hand tracking) matter most.","Research-grade teams often build tooling in-house; pitch services + QA, not just the tool."
11,AIM Intelligent Machines,Industrial AI,B,66,recency=12 signal=15 data_fit=9 winnability=15 proof_point=10 warm_path=5 india=0,8.2,CLEAR,$4.9M US Air Force contracts for autonomous base construction (Jan 2026); $50M raise (Jun 2025),"Retrofits bulldozers and excavators for autonomous mining and construction, and won Air Force contracts in January. A former Oishii engineer who publicly recommends Labellerr now works there: the warmest path on the list.","Ask Labellerr first whether AIM is already an unlisted customer; keep outreach to mining and construction, since defense data may need US-only handling."
12,Ati Motors,India,B,62,recency=2 signal=15 data_fit=15 winnability=15 proof_point=10 warm_path=0 india=5,20.2,CLEAR,$20M Series B (Jan 2025); Sherpa Mecha dual-arm mobile manipulator,"Plans to use one of the largest factory datasets for autonomous movement to build next-gen AI models, and the dual-arm Sherpa Mecha moves it from navigation into manipulation: a new labeling need.",Signal is older (Jan 2025); confirm current plans before outreach.
13,Sunday,Humanoid OEM,B,60,recency=12 signal=18 data_fit=18 winnability=12 proof_point=0 warm_path=0 india=0,6.6,CLEAR,$165M Series B at $1.15B (Mar 2026); plans 5x real-world data collection by year-end and a home beta in 2026,"Trains its home robot Memo on Skill Capture Glove data from 500+ real homes and plans to grow real-world data collection fivefold by year-end, ahead of a 2026 home beta. Egocentric human demonstration data is exactly Labellerr's robotics offering.",Its glove data is proprietary and structured; pitch episode segmentation and QA rather than raw labeling.
14,Genesis AI,Foundation-model lab,C,59,recency=20 signal=10 data_fit=17 winnability=12 proof_point=0 warm_path=0 india=0,4.8,CLEAR,GENE-26.5 robot model launched (May 2026); $105M seed (Jul 2025),"Its data engine combines in-house physics simulation with large-scale real-world robot data collection, and it shipped a new model generation in May. Real-world episodes used to validate and fine-tune the model need consistent labels.",Synthetic-data-first strategy may keep real-data volumes small.
15,Physical Intelligence,Foundation-model lab,C,59,recency=20 signal=15 data_fit=20 winnability=4 proof_point=0 warm_path=0 india=0,5.4,CLEAR,pi0.7 model released (Apr 2026); in talks to raise ~$1B at $11B+ (Mar 2026),"Its own research (Dec 2025) shows human-video data transferring to robots as models scale, and egocentric human video is Labellerr's core robotics offering. A logo target: long shot, high signal value.",Likely already served by large vendors; very high QA bar.
16,Rhoda AI,Foundation-model lab,C,58,recency=12 signal=15 data_fit=19 winnability=12 proof_point=0 warm_path=0 india=0,6.6,CLEAR,$450M Series A at $1.7B (Mar 2026); hiring VR-teleoperation 'Robot Pilots' to collect manipulation data (Jul 2026),"Pretrains on internet video, then post-trains on small amounts of teleoperated robot data for each new industrial task, and is hiring VR teleoperators to collect it. $450M raised in March to expand customer deployments, so every new task means new data to curate.","Its model needs little robot data by design; pitch curation and QA of video and teleop data, not volume."
17,Carbon Robotics,Customer lookalike,C,56,recency=12 signal=15 data_fit=7 winnability=12 proof_point=10 warm_path=0 india=0,6.3,CLEAR,Large Plant Model trained on 150M plants (Feb 2026); passed $100M annual revenue (Mar 2026),"Its moat is labeled plant data (150M plants) and it is building a new robot beyond weeding, which means new label schemas. Labellerr's Oishii harvesting-robot case study is a direct proof point.",Already runs a large in-house labeling pipeline; pitch overflow capacity + QA.
18,Symbotic,Customer lookalike,C,50,recency=12 signal=8 data_fit=9 winnability=6 proof_point=10 warm_path=5 india=0,7.5,CLEAR,Acquired Fox Robotics autonomous forklifts (Feb 2026),Integrating Fox's autonomous forklifts (installed at 50+ customer sites) into its platform brings new perception tasks. A direct lookalike of Labellerr's Coupang warehouse-automation case study.,Public-company procurement; mature in-house vision team.
19,Dyna Robotics,Foundation-model lab,C,48,recency=6 signal=13 data_fit=17 winnability=12 proof_point=0 warm_path=0 india=0,12.4,CLEAR,"$120M Series A (Sep 2025); DYNA-1 robots running 16-hour days at hotels, restaurants and laundromats","Runs a single foundation model across paying customer sites and says each deployment generates the data that improves the next model, while it builds its next-generation model on a $120M Series A.",Signal is a year old; it also claims new sites need no additional data.
20,Mobileye (Mentee Robotics),Humanoid OEM,C,41,recency=12 signal=8 data_fit=15 winnability=6 proof_point=0 warm_path=0 india=0,8.7,CLEAR,$900M acquisition of humanoid maker Mentee Robotics (Jan 2026),A computer-vision leader just bought a humanoid team; merging AV-style data engineering with humanoid work needs a new manipulation-data pipeline.,"Mentee targets autonomy without teleoperation and is sim-heavy, so lower fit; large in-house data org."
