company,segment,hq,signal_date,signal_types,signal,data_needs,proof_point,size_band,warm_path,india_link,focus,hook,pain,why_now,fit_risk,sources
Mind Robotics,Industrial AI,"Palo Alto, US",2026-05-13,funding;data_infra,$400M round led by Kleiner Perkins (May 2026) after a $500M Series A (Mar 2026); >$1B raised,manipulation;vision,Volvo (manufacturing QA),scaleup,,0,factory robot data,"Saw that Mind is training its robots on production data from Rivian's plants, with a large deployment planned by the end of this year.",every new factory task has to go from raw line video to labeled training data,"Trains industrial robots on Rivian's live factory data and has promised a large robot deployment by end-2026 on $1B+ of fresh capital. Raw factory video has to become labeled training data fast, which is the bottleneck Labellerr sells into.",Rivian may keep labeling in-house; no public data lead yet.,https://www.businesswire.com/news/home/20260311414783/en/ | https://techcrunch.com/2026/03/11/rivian-mind-robotics-series-a-500m-fund-raise-industrial-ai-powered-robots/ | https://pulse2.com/mind-robotics-400-million-financing-expands-ai-powered-industrial-robotics-platform/
Apptronik,Humanoid OEM,"Austin, US",2026-07-06,data_infra;launch;funding,Unveiled Apollo 2 and opened the Robot Park data-collection and training facility in Austin (Jul 2026); $520M Series A-X (Feb 2026),teleop;manipulation;egocentric,Coupang (warehouse automation),scaleup,,0,Robot Park data,Congrats on Apollo 2 and on opening Robot Park in Austin.,teleop capture scales faster than the labeling behind it,"In July it unveiled Apollo 2 and opened Robot Park, a dedicated data-collection and training facility, funded by its $520M February raise. Collection is now running at scale, so labeling becomes the bottleneck; GXO and Jabil warehouse work mirrors Labellerr's Coupang proof point.",Google DeepMind partnership may cover part of the model and data work.,https://www.robotics247.com/topic/tag/Teleoperation | https://apptronik.com/news-collection/apptronik-closes-over-935-million-series-a | https://www.automate.org/robotics/industry-insights/apptronik-nears-935m-in-series-a-funding-ahead-of-new-humanoid-launch/boa
Generalist AI,Foundation-model lab,"San Mateo, US",2026-06-04,funding;data_infra,$400M at $2B valuation (Jun 2026); GEN-1 model (Apr 2026),manipulation;teleop;egocentric,,scaleup,,0,the physical data engine,Congrats on the June round; the part that caught my eye was the plan to expand your physical data engine.,real-world data collection scales faster than label quality,"New capital is earmarked for an expanded physical data engine for real-world robot data, and GEN-1 targets dexterous manipulation, where hand-pose and action-segment labels (Labellerr's 21-keypoint hand tracking) matter most.","Research-grade teams often build tooling in-house; pitch services + QA, not just the tool.",https://siliconangle.com/?p=770140 | https://seedtable.com/companies/generalist-ai/funding-rounds/growth-2026-06 | https://8vc.com/resources/announcing-our-investment-in-generalist
1X,Humanoid OEM,"Palo Alto, US",2026-05-01,launch;data_infra,NEO factory in full-scale production (May 2026); world model launched (Jan 2026),world_model;teleop;egocentric,,scaleup,,0,NEO home data,"Saw that the NEO factory reached full-scale production this spring, with home deliveries this year.",every home deployment produces first-person video that must be labeled before it trains the next policy,"Home humanoid shipping in 2026, trained on teleoperation plus world models that learn from video. Every home deployment generates first-person household video, and Labellerr's robotics page explicitly targets household robots.",Large in-house ops team; may prefer to own labeling.,https://www.robotics247.com/news/P200 | https://www.businesswire.com/news/home/20251027434628/en/1X-Launches-NEO-The-Robot-Redefining-Life-at-Home
Agility Robotics,Humanoid OEM,"Oregon, US",2026-07-09,funding;launch,Going public via SPAC with Churchill Capital Corp XI (~$2.5B); $300M+ booked orders; Digit v5,manipulation;vision,Coupang (warehouse automation),scaleup,,0,Digit v5 rollout,Congrats on the Churchill SPAC and the $300M+ in booked orders.,each new site and task needs fresh labeled data before Digit hits its throughput targets,"Scaling Digit v5 across Amazon, GXO, Toyota Canada and Schaeffler sites with $300M+ in booked orders. Each new site and task needs fresh labeled data, and going public raises the bar on reliability metrics.",SPAC process may slow new vendor decisions.,https://www.sec.gov/Archives/edgar/data/0002074973/000121390026076743/ea0297553-425_churchill11.htm | https://www.roboticssummit.com/event-speaker/pras-velagapudi/
NEURA Robotics,Humanoid OEM,"Metzingen, DE",2026-06-10,funding;data_infra;hiring,Series C of up to $1.4B led by Tether (Jun 2026); scaling its AI department,manipulation;egocentric,,scaleup,Volvo Cars Tech Fund is a NEURA investor and Volvo is a Labellerr customer: ask the team about a Volvo reference or intro,0,Neuraverse training data,Congratulations on the Series C. I also noticed you're scaling the AI department in Metzingen.,learning across many deployments only works if data from every site is labeled the same way,"Fresh Series C, an AI department it is actively scaling (May 2026 job posts) and the Neuraverse, which is meant to learn across deployments: a multi-site data-consistency problem.",Funding is milestone-contingent; EU buyers will ask about GDPR (Labellerr lists SOC2 + GDPR).,https://neura-robotics.com/2026/06/10/ | https://www.caproasia.com/?p=74891 | https://letsdatascience.com/news/neura-robotics-raises-14b-funding-round-99f9053b | https://jobs.b2venture.vc/companies/neura-robotics-2/jobs/80910909-group-lead-ai-engineering-human
Physical Intelligence,Foundation-model lab,"San Francisco, US",2026-04-16,launch;funding,pi0.7 model released (Apr 2026); in talks to raise ~$1B at $11B+ (Mar 2026),egocentric;teleop;manipulation,,mega,,0,human-video data,Your December post on human-to-robot transfer emerging in VLAs as they scale was a great read.,human video only helps if it is segmented and labeled consistently,"Its own research (Dec 2025) shows human-video data transferring to robots as models scale, and egocentric human video is Labellerr's core robotics offering. A logo target: long shot, high signal value.",Likely already served by large vendors; very high QA bar.,https://www.pi.website/ | https://texxr.com/entity/physical-intelligence
Skild AI,Foundation-model lab,"Pittsburgh, US",2026-04-15,m&a;funding,"Acquired Zebra's Robotics Automation business, ex-Fetch (Apr 2026); ~$1.4B at $14B+ valuation (Jan 2026)",egocentric;teleop,Coupang (warehouse automation),mega,Founders are IIT Kanpur alumni; Bengaluru office reported (verify),1,Skild Brain data,Saw the Zebra robotics acquisition in April: a warehouse fleet feeding Skild Brain is a big new data source.,fleet and video data only become training data once they are labeled,"Trains Skild Brain on internet video, simulation, teleoperation and fleet data, and in April bought Zebra's warehouse robotics business (ex-Fetch), whose fleets will generate new real-world data. A reported India office gives a local foothold.",$14B+ valuation means likely incumbent vendors.,https://www.businesswire.com/news/home/20260415518240/en | https://www.therobotreport.com/skild-acquires-fetch-robotics-assets-from-zebra-automation/ | https://runtimewire.com/article/skild-ai-100m-revenue-run-rate-robotics
Symbotic,Customer lookalike,"Wilmington MA, US",2026-02-11,m&a,Acquired Fox Robotics autonomous forklifts (Feb 2026),vision;navigation,Coupang (warehouse automation),public,"CTO James Kuffner spent 9 years at Toyota; Labellerr's LinkedIn lists Toyota AI as a customer, so ask the team whether a reference exists",0,the Fox integration,Saw that Fox Robotics is now part of Symbotic.,new trailer-unloading tasks need new perception labels across dozens of customer sites,Integrating Fox's autonomous forklifts (installed at 50+ customer sites) into its platform brings new perception tasks. A direct lookalike of Labellerr's Coupang warehouse-automation case study.,Public-company procurement; mature in-house vision team.,https://www.automatedwarehouseonline.com/symbotic-acquires-autonomous-forklift-provider-fox-robotics/ | https://www.symbotic.com/news/symbotic-names-dr-james-kuffner-as-chief-technology-officer/
Carbon Robotics,Customer lookalike,"Seattle, US",2026-03-19,launch;funding,Large Plant Model trained on 150M plants (Feb 2026); passed $100M annual revenue (Mar 2026),vision,Oishii (strawberry-harvesting robots),scaleup,,0,the next Carbon robot,Congrats on passing $100M in revenue and on the Large Plant Model launch.,a new robot beyond weeding means new label schemas on top of 150M plants,"Its moat is labeled plant data (150M plants) and it is building a new robot beyond weeding, which means new label schemas. Labellerr's Oishii harvesting-robot case study is a direct proof point.",Already runs a large in-house labeling pipeline; pitch overflow capacity + QA.,https://www.businesswire.com/news/home/20260519266046/en/Carbon-Robotics-Recognized-on-the-2026-CNBC-Disruptor-50-List | https://www.geekwire.com/2025/carbon-robotics-raises-20m-as-laserweeder-maker-plans-secretive-new-ai-robot-for-farms/
Mobileye (Mentee Robotics),Humanoid OEM,"Jerusalem, IL",2026-01-06,m&a,$900M acquisition of humanoid maker Mentee Robotics (Jan 2026),manipulation;vision,,public,,0,Mentee humanoid data,Saw the Mentee acquisition and the Mobileye 3.0 framing at CES.,a humanoid needs manipulation data that an AV data engine was never built to label,A computer-vision leader just bought a humanoid team; merging AV-style data engineering with humanoid work needs a new manipulation-data pipeline.,"Mentee targets autonomy without teleoperation and is sim-heavy, so lower fit; large in-house data org.",https://www.mobileye.com/news/mobileye-to-acquire-mentee-robotics-to-accelerate-physical-ai-leadership/ | https://gamesbeat.com/?p=314194
Addverb,India,"Noida, IN",2026-08-04,launch;funding,Elixis-W wheeled humanoid launched at LogiMAT India 2026; raising $100M+ for humanoids (per Bloomberg),manipulation;egocentric,Coupang (warehouse automation),scaleup,"Noida is ~250 km from Labellerr's Chandigarh office, so an in-person demo is realistic",1,Elixis-W hands,"Watching the Elixis-W launch at LogiMAT India, the detail that stood out was the five-fingered hands.",dexterous hands need human demonstration data labeled at finger level,"Its first humanoid has five-fingered hands and a Physical-AI-ready architecture, so dexterous manipulation needs hand-pose and action data. Warehouse customers (DHL, Maersk, PepsiCo) mirror the Coupang case study.",Reliance ecosystem may push in-house or Jio AI tooling.,https://themachinemaker.com/news/addverb-launches-wheeled-humanoid-robot-and-new-intralogistics-solutions-at-logimat-india-2026/ | https://indiaseatradenews.com/?p=151416 | https://ecosistemastartup.com/addverb-busca-100m-para-robots-humanoides-en-2026/
CynLr,India,"Bengaluru, IN",2026-04-02,launch,Featured in the MODEX 2026 leaders Q&A (US push); robotics lab scaling to 50+ robot systems,manipulation;vision,Volvo (manufacturing QA),startup,,1,the Object Store,Saw your take in the MODEX 2026 leaders Q&A and the push into the US.,every new object model in the Object Store is effectively a labeling job,Building an Object Store of ready-to-deploy object models for manufacturing and expanding into the US. Each new object model is a labeling job.,"Its pitch is 'no training needed' visual intelligence, so it may need less labeled data; position as object-model QA + scale.",https://www.robotics247.com/topic/tag/Perception/P20 | https://www.robotics247.com/article/cynlr_indian_deep_tech_robotics_startup_raises_10m_series_a_funding
Ati Motors,India,"Bengaluru, IN",2025-01-22,funding;launch,$20M Series B (Jan 2025); Sherpa Mecha dual-arm mobile manipulator,navigation;manipulation,Volvo (manufacturing QA),startup,,1,Sherpa Mecha,Saw that Sherpa Mecha takes Ati from moving material to handling it.,manipulation data is a different labeling problem from navigation data,"Plans to use one of the largest factory datasets for autonomous movement to build next-gen AI models, and the dual-arm Sherpa Mecha moves it from navigation into manipulation: a new labeling need.",Signal is older (Jan 2025); confirm current plans before outreach.,https://www.dbusiness.com/hustle-and-muscle-articles/robot-builder-ati-motors-in-rochester-hills-raises-20m-series-b-for-global-expansion/ | https://techcrunch.com/2025/01/22/ati-motors-raises-20m-as-indias-robotics-industry-grows/
Sunday,Humanoid OEM,"Mountain View, US",2026-03-12,funding;data_infra,$165M Series B at $1.15B (Mar 2026); plans 5x real-world data collection by year-end and a home beta in 2026,egocentric;manipulation,,scaleup,,0,Memo's home data,"The line in your Series B news that stood out: five times more real-world data by year-end, with Memo going into homes.",glove and robot episodes only train well once they are segmented and labeled consistently,"Trains its home robot Memo on Skill Capture Glove data from 500+ real homes and plans to grow real-world data collection fivefold by year-end, ahead of a 2026 home beta. Egocentric human demonstration data is exactly Labellerr's robotics offering.",Its glove data is proprietary and structured; pitch episode segmentation and QA rather than raw labeling.,https://pulse2.com/sunday-165-million-at-1-15-billion-valuation-raised-for-autonomous-home-robots/amp/ | https://www.streetinsider.com/Press+Releases/Sunday+Launches+Memo%2C+the+Robot+That+Actually+Learns+Your+Home/25637013.html
Rhoda AI,Foundation-model lab,"Palo Alto, US",2026-03-10,funding;hiring,$450M Series A at $1.7B (Mar 2026); hiring VR-teleoperation 'Robot Pilots' to collect manipulation data (Jul 2026),world_model;teleop;manipulation,,scaleup,,0,FutureVision post-training data,"FutureVision's recipe caught my eye: internet-scale video first, then a few hours of task-specific robot data per job.","when each new job runs on a few hours of robot data, every one of those hours has to be labeled right","Pretrains on internet video, then post-trains on small amounts of teleoperated robot data for each new industrial task, and is hiring VR teleoperators to collect it. $450M raised in March to expand customer deployments, so every new task means new data to curate.","Its model needs little robot data by design; pitch curation and QA of video and teleop data, not volume.",https://pulse2.com/rhoda-ai-450-million-series-a-raised-to-deploy-video-predictive-robots-in-real-world-environments | https://www.nasdaqprivatemarket.com/?p=70802 | https://jobs.preludeventures.com/companies/rhoda-ai-2/jobs/84971619-robot-pilot-tier-2
Genesis AI,Foundation-model lab,"Palo Alto, US / Paris, FR",2026-05-06,launch,GENE-26.5 robot model launched (May 2026); $105M seed (Jul 2025),manipulation;teleop,,scaleup,,0,real-world data for GENE,Saw the GENE-26.5 launch in May.,"real-world episodes are what keep a simulation-trained model honest, and they need careful labels","Its data engine combines in-house physics simulation with large-scale real-world robot data collection, and it shipped a new model generation in May. Real-world episodes used to validate and fine-tune the model need consistent labels.",Synthetic-data-first strategy may keep real-data volumes small.,https://www.robotics247.com/topic/tag/Teleoperation | https://seedtable.com/companies/genesis-ai/funding-rounds/seed-2025-06 | https://techcrunch.com/2025/07/01/genesis-ai-launches-with-105m-seed-funding-from-eclipse-khosla-to-build-ai-models-for-robots
Dyna Robotics,Foundation-model lab,"Redwood City, US",2025-09-15,funding,"$120M Series A (Sep 2025); DYNA-1 robots running 16-hour days at hotels, restaurants and laundromats",manipulation;teleop,,scaleup,,0,deployment data,Saw DYNA-1 robots running 16-hour days in hotels and laundromats.,data from every customer site only improves the next model if it is curated and labeled the same way,"Runs a single foundation model across paying customer sites and says each deployment generates the data that improves the next model, while it builds its next-generation model on a $120M Series A.",Signal is a year old; it also claims new sites need no additional data.,https://www.therobotreport.com/dyna-robotics-closes-120m-funding-round-to-scale-robotics-foundation-model/ | https://www.vcaonline.com/news/2025091503/dyna-robotics-raises-120-million-to-advance-robotic-foundation-models-on-the-path-to-physical-artificial-general-intelligence
AIM Intelligent Machines,Industrial AI,"Monroe WA, US",2026-01-22,launch;funding,$4.9M US Air Force contracts for autonomous base construction (Jan 2026); $50M raise (Jun 2025),vision;navigation,Oishii (strawberry-harvesting robots),startup,"Suveer Garg, the robotics engineer quoted recommending Labellerr on its homepage, worked at Oishii and is now at AIM",0,earthmoving perception data,"Suveer mentioned how Labellerr supported the harvesting-robot work at Oishii, and AIM's autonomous earthmoving looks like the same kind of problem at a bigger scale.","every new site, machine and weather condition adds perception data that needs labels","Retrofits bulldozers and excavators for autonomous mining and construction, and won Air Force contracts in January. A former Oishii engineer who publicly recommends Labellerr now works there: the warmest path on the list.","Ask Labellerr first whether AIM is already an unlisted customer; keep outreach to mining and construction, since defense data may need US-only handling.",https://www.geekwire.com/2026/air-force-awards-4-9m-contract-to-seattle-area-autonomous-construction-startup-aim/ | https://roboticsregistry.net/companies/aim-intelligent-machines | https://www.labellerr.com/
Perceptyne,India,"Hyderabad, IN",2026-03-06,launch;funding,Showcased its industrial humanoid at HYSEA Summit (Mar 2026); term sheet for $10M from Premji Invest reported,manipulation;egocentric,Volvo (manufacturing QA),startup,,1,dexterous assembly data,Saw your humanoid at the HYSEA Summit handling delicate parts with tactile sensing.,"dexterous assembly tasks need demonstration data labeled at the level of hands, forces and object states","Builds dual-arm industrial humanoids with vision, force and tactile sensing for electronics and automotive assembly, and reportedly signed a $10M term sheet with Premji Invest. Hyderabad makes an in-person visit easy.",Small budget today; position as a scale-up partner as the round closes.,https://www.etvbharat.com/en/technology/humanoid-robots-bionic-hand-steal-the-show-at-hyderabad-tech-summit-enn26030601295 | https://news.ventureintelligence.com/private-equity/industrial-robotics-startup-perceptyne-in-funding-talks-with-omnivore
